id,user_id,wpm,raw_wpm,accuracy,consistency,time_seconds,mode,created_at
00148b73-7635-407d-8b23-bf04f2a21c82,ce2b50dd-c84f-4a3d-8ea9-afef4af5a933,9,486,2.00,0.00,4,lesson,2025-10-23 15:04:11.388457+00
004532ba-6b7d-444e-9c8c-f739ff965dad,ce2b50dd-c84f-4a3d-8ea9-afef4af5a933,18,528,3.00,0.00,2,lesson,2025-10-22 21:52:21.277071+00
00aad431-1d48-41ea-a038-2486635cc365,ce2b50dd-c84f-4a3d-8ea9-afef4af5a933,24,516,7.00,0.00,1,lesson,2025-11-24 19:24:28.768117+00
0109d7f6-f269-470f-b6e1-a3ced95cf027,ce2b50dd-c84f-4a3d-8ea9-afef4af5a933,61,61,100.00,0.00,8,lesson,2025-10-22 23:55:24.226131+00
010f842b-3673-467c-9f4c-50675466ce45,ce2b50dd-c84f-4a3d-8ea9-afef4af5a933,3,48,6.00,0.00,4,lesson,2025-10-27 00:44:01.052907+00
0175d71e-fc21-4e2b-83a0-1e77c74233d3,ce2b50dd-c84f-4a3d-8ea9-afef4af5a933,46,46,100.00,0.00,6,lesson,2025-10-21 16:09:02.377691+00
0316b95a-b5df-4e0a-b9d6-f11084a8560c,b50de630-97c7-4202-8113-ca8cfa229cb6,0,516,0.00,0.00,1,lesson,2025-11-24 19:54:53.012404+00
0605111b-71a4-4030-89da-ec2c6975affd,ce2b50dd-c84f-4a3d-8ea9-afef4af5a933,51,51,100.00,0.00,11,lesson,2025-10-22 15:28:10.216224+00
06477df1-155f-4f12-94e6-4ac1d8628277,ce2b50dd-c84f-4a3d-8ea9-afef4af5a933,360,528,68.00,0.00,1,lesson,2025-10-25 14:59:13.111909+00
06875612-5623-4600-b97c-ced653e5bbb2,ce2b50dd-c84f-4a3d-8ea9-afef4af5a933,24,234,10.00,0.00,2,lesson,2025-10-19 03:13:51.325111+00
06bad377-7830-4dd1-a7e9-a5921989c9d5,ce2b50dd-c84f-4a3d-8ea9-afef4af5a933,168,528,32.00,0.00,1,lesson,2025-10-25 14:47:29.76184+00
073b00a3-19d8-4c1e-adb3-9835f6dc2f63,ce2b50dd-c84f-4a3d-8ea9-afef4af5a933,0,528,0.00,0.00,1,lesson,2025-10-25 14:52:55.604004+00
07c45c73-1c53-47c9-9b91-ef1b59e1bc96,ce2b50dd-c84f-4a3d-8ea9-afef4af5a933,36,540,7.00,0.00,1,lesson,2025-10-22 00:16:27.364265+00
08e01eef-2ebf-451e-9b83-761bd27aeebc,ce2b50dd-c84f-4a3d-8ea9-afef4af5a933,30,978,3.00,0.00,2,lesson,2025-10-22 21:53:02.184351+00
0acf6e4c-089e-4382-b822-edb75772b15e,ce2b50dd-c84f-4a3d-8ea9-afef4af5a933,95,95,100.00,0.00,13,words-25,2025-10-24 23:40:27.954095+00
0c49a941-8d5a-41d5-979f-9933629ee883,ce2b50dd-c84f-4a3d-8ea9-afef4af5a933,118,118,100.00,0.00,5,words-10,2025-11-25 21:07:41.032518+00
0c83946e-4eb4-4569-8778-a369174da886,ce2b50dd-c84f-4a3d-8ea9-afef4af5a933,429,431,99.00,0.00,30,words-30,2025-10-27 01:08:05.97671+00
0cea5f7b-c6e2-4cf2-a9d4-ce0128c8c46e,ce2b50dd-c84f-4a3d-8ea9-afef4af5a933,3,279,1.00,0.00,7,lesson,2025-10-23 15:17:22.706961+00
0cf7934d-defd-43d4-aadc-619cec730595,ce2b50dd-c84f-4a3d-8ea9-afef4af5a933,59,87,67.00,0.00,19,words-30,2025-10-19 03:17:56.910582+00
0d7fe6cc-7847-4409-a169-ec4152568a03,ce2b50dd-c84f-4a3d-8ea9-afef4af5a933,40,40,100.00,0.00,3,lesson,2025-10-27 00:38:51.098181+00
0e5031c6-3924-46a7-b940-ff22197fe41c,b50de630-97c7-4202-8113-ca8cfa229cb6,75,79,92.00,0.00,7,lesson,2025-11-25 16:31:30.413833+00
0e7ccfc3-6f48-43c2-ae5f-a88b2495a757,ce2b50dd-c84f-4a3d-8ea9-afef4af5a933,1,68,1.00,0.00,16,lesson,2025-10-27 00:54:48.680034+00
0f25223a-7bc9-45a9-ad2f-c249d9bd6bc4,ce2b50dd-c84f-4a3d-8ea9-afef4af5a933,360,504,71.00,0.00,1,lesson,2025-10-25 15:04:41.375084+00
100f6175-e718-4785-a851-36c8d501bfe4,b50de630-97c7-4202-8113-ca8cfa229cb6,492,492,100.00,0.00,1,lesson,2025-11-25 16:14:25.826044+00
104d5fd4-e0d3-4f1f-b70a-4598324858c3,ce2b50dd-c84f-4a3d-8ea9-afef4af5a933,360,564,64.00,0.00,1,lesson,2025-11-24 19:24:26.47612+00
1085855f-06ae-4270-96c1-addce475aa91,b50de630-97c7-4202-8113-ca8cfa229cb6,0,552,0.00,0.00,1,lesson,2025-11-24 19:58:49.539844+00
1149f88a-3a83-4148-bb2c-d37472509f31,ce2b50dd-c84f-4a3d-8ea9-afef4af5a933,62,62,100.00,0.00,5,lesson,2025-10-21 22:14:29.894001+00
117a51a0-058a-4262-a20a-1e5181496038,ce2b50dd-c84f-4a3d-8ea9-afef4af5a933,90,90,100.00,0.00,4,lesson,2025-10-24 23:09:33.316037+00
1248cfaf-ef00-46fd-b6d3-8b80720a1014,ce2b50dd-c84f-4a3d-8ea9-afef4af5a933,46,46,100.00,0.00,12,lesson,2025-10-22 15:27:43.181093+00
12c18010-ca03-4245-8b85-94dcbe966eca,ce2b50dd-c84f-4a3d-8ea9-afef4af5a933,0,528,0.00,0.00,1,lesson,2025-10-27 00:37:01.072049+00
14c4f18a-528a-4120-935f-a10c92709a56,b50de630-97c7-4202-8113-ca8cfa229cb6,552,552,100.00,0.00,1,lesson,2025-11-25 16:52:18.362208+00
14f68a6f-5c69-4b13-93b8-39a2495d77fe,b50de630-97c7-4202-8113-ca8cfa229cb6,72,79,91.00,0.00,7,lesson,2025-11-06 14:54:45.878114+00
15ceb8cf-73e6-435d-a7a3-761644f6ee55,b50de630-97c7-4202-8113-ca8cfa229cb6,360,540,67.00,0.00,1,lesson,2025-11-25 16:30:35.035443+00
16088918-94e5-4979-ba6e-4c0140998e94,b50de630-97c7-4202-8113-ca8cfa229cb6,0,504,0.00,0.00,1,lesson,2025-11-24 19:54:51.8566+00
16154fbb-edb3-4cec-ad30-9aaf81a2b350,ce2b50dd-c84f-4a3d-8ea9-afef4af5a933,360,552,65.00,0.00,1,lesson,2025-10-25 14:47:28.293067+00
1632d15e-4852-4894-9c0f-607be2322e8b,ce2b50dd-c84f-4a3d-8ea9-afef4af5a933,59,68,82.00,0.00,9,words-10,2025-10-31 23:55:08.581153+00
1638a374-120b-4164-b3ad-263be9e4dff4,b50de630-97c7-4202-8113-ca8cfa229cb6,69,70,98.00,0.00,7,lesson,2025-11-06 14:54:38.128819+00
16d1235e-7a61-47bb-b025-c8896f00fea1,ce2b50dd-c84f-4a3d-8ea9-afef4af5a933,150,264,57.00,0.00,2,lesson,2025-10-25 14:53:09.404067+00
17656149-19df-49c6-bb17-26d6a5bb8cb2,ce2b50dd-c84f-4a3d-8ea9-afef4af5a933,66,66,100.00,0.00,8,lesson,2025-10-22 23:43:18.981793+00
17a3965e-87ab-4346-a4a3-63742345f618,ce2b50dd-c84f-4a3d-8ea9-afef4af5a933,1,73,1.00,0.00,15,lesson,2025-10-27 00:43:43.533636+00
17e400b5-68bb-41a8-8801-d11003b4adb1,ce2b50dd-c84f-4a3d-8ea9-afef4af5a933,60,60,100.00,0.00,2,lesson,2025-10-27 00:39:10.016094+00
182ac936-e7d4-4b91-bf62-186bf852f001,ce2b50dd-c84f-4a3d-8ea9-afef4af5a933,60,184,33.00,0.00,3,lesson,2025-10-25 14:46:52.822237+00
1882a88b-c9e7-49e2-9a3d-4904300a73d2,ce2b50dd-c84f-4a3d-8ea9-afef4af5a933,51,342,15.00,0.00,4,words-25,2025-10-25 15:05:12.172288+00
18ba0c36-c542-4b98-a13c-83952b46fa08,ce2b50dd-c84f-4a3d-8ea9-afef4af5a933,5,312,2.00,0.00,5,words-30,2025-10-23 15:33:34.959718+00
18cc542b-f517-4228-8d37-c88ec4a1acc5,ce2b50dd-c84f-4a3d-8ea9-afef4af5a933,85,85,100.00,0.00,16,words-25,2025-10-24 23:41:06.766714+00
19c244d9-89ce-45de-b2ca-3706de62c021,b50de630-97c7-4202-8113-ca8cfa229cb6,504,504,100.00,0.00,1,lesson,2025-11-24 19:52:54.331585+00
19cf98ad-641b-457f-aa9e-141a0abc8f77,ce2b50dd-c84f-4a3d-8ea9-afef4af5a933,21,495,4.00,0.00,4,lesson,2025-10-23 15:02:27.641868+00
1a891aca-aec7-4aef-8136-8f97f2344e0d,ce2b50dd-c84f-4a3d-8ea9-afef4af5a933,16,660,2.00,0.00,3,lesson,2025-10-22 21:52:40.148449+00
1a991af3-114f-4610-8236-54538a5e1917,ce2b50dd-c84f-4a3d-8ea9-afef4af5a933,168,540,31.00,0.00,1,lesson,2025-10-25 14:47:01.914098+00
1a9fbe05-cdd6-479d-aa00-721a42f658c8,ce2b50dd-c84f-4a3d-8ea9-afef4af5a933,24,184,13.00,0.00,3,lesson,2025-10-21 22:47:58.822463+00
1bd2bef6-1543-4c3d-b738-69d2d1472254,ce2b50dd-c84f-4a3d-8ea9-afef4af5a933,24,489,5.00,0.00,4,lesson,2025-10-22 16:25:02.310944+00
1c1020be-ed55-4911-9e4a-7e1c8cd34d0b,ce2b50dd-c84f-4a3d-8ea9-afef4af5a933,7,31,22.00,0.00,9,lesson,2025-10-19 03:13:49.162682+00
1ca0c0ef-4b07-4391-bf52-4e39978e7124,ce2b50dd-c84f-4a3d-8ea9-afef4af5a933,360,564,64.00,0.00,1,lesson,2025-10-24 23:51:04.795042+00
1d2c6e0e-a781-412f-89be-041e9356de58,ce2b50dd-c84f-4a3d-8ea9-afef4af5a933,9,27,31.00,0.00,7,lesson,2025-10-27 00:54:28.189546+00
1d7c3619-6c6f-49c0-8fe4-093fc87a714b,ce2b50dd-c84f-4a3d-8ea9-afef4af5a933,84,540,16.00,0.00,1,lesson,2025-10-22 16:24:28.356648+00
1d969517-ae3b-467e-a49b-dd5c02480145,ce2b50dd-c84f-4a3d-8ea9-afef4af5a933,24,984,2.00,0.00,2,lesson,2025-10-22 22:02:13.938715+00
1e540749-6450-4b4f-868b-7c29f60c91a2,b50de630-97c7-4202-8113-ca8cfa229cb6,80,84,95.00,0.00,6,lesson,2025-11-25 16:31:51.99028+00
1f66206d-491f-4b09-93ef-28fda922dba3,b50de630-97c7-4202-8113-ca8cfa229cb6,0,516,0.00,0.00,1,lesson,2025-11-24 19:50:14.78749+00
201b4c51-d4e3-4c8a-8fd8-2c7268394cb8,ce2b50dd-c84f-4a3d-8ea9-afef4af5a933,60,60,100.00,0.00,3,lesson,2025-10-19 03:13:22.555824+00
2022db4e-2da5-47b9-80f5-7e05593e1127,ce2b50dd-c84f-4a3d-8ea9-afef4af5a933,360,564,64.00,0.00,1,lesson,2025-10-25 14:26:27.209731+00
2079700f-a8bd-4a1b-937c-4cc8a5c5e5c4,ce2b50dd-c84f-4a3d-8ea9-afef4af5a933,360,552,65.00,0.00,1,lesson,2025-10-24 23:54:26.93315+00
20eddda4-55b1-4cea-87b6-c2a9d37933df,ce2b50dd-c84f-4a3d-8ea9-afef4af5a933,78,78,100.00,0.00,19,words-30,2025-10-21 15:51:05.718669+00
225c6f41-8185-4be0-bc2a-35a060713b29,ce2b50dd-c84f-4a3d-8ea9-afef4af5a933,300,492,61.00,0.00,1,lesson,2025-10-24 23:52:47.088224+00
22bd6dd9-ce56-47e3-b5ae-54eb7c8259f3,ce2b50dd-c84f-4a3d-8ea9-afef4af5a933,2,286,1.00,0.00,7,lesson,2025-10-23 15:15:05.661097+00
22fba657-156a-4ad1-9983-75d5aad1b61e,ce2b50dd-c84f-4a3d-8ea9-afef4af5a933,63,63,100.00,0.00,8,lesson,2025-10-27 00:36:43.716157+00
23152cf9-9932-43c5-b73c-c1bbc3523b7c,ce2b50dd-c84f-4a3d-8ea9-afef4af5a933,132,552,24.00,0.00,1,lesson,2025-10-25 14:47:31.297584+00
231a7f37-bebd-4d97-807e-f564f078ff68,ce2b50dd-c84f-4a3d-8ea9-afef4af5a933,54,492,11.00,0.00,2,lesson,2025-10-27 00:37:05.519605+00
24794a4a-3789-4c91-a137-72f5e014c16a,ce2b50dd-c84f-4a3d-8ea9-afef4af5a933,27,129,21.00,0.00,4,lesson,2025-10-25 15:04:50.387417+00
2531789c-9cbd-4dd0-9935-6b6c6d165a42,ce2b50dd-c84f-4a3d-8ea9-afef4af5a933,103,105,97.00,0.00,13,words-25,2025-11-24 19:28:38.404273+00
25936302-18b4-4013-9d05-7a4a36a1f127,b50de630-97c7-4202-8113-ca8cfa229cb6,24,24,96.00,0.00,23,lesson,2025-11-06 14:58:13.443226+00
26e4f34d-1db0-4f2a-9ae0-1e30dd1626a7,b50de630-97c7-4202-8113-ca8cfa229cb6,91,91,100.00,0.00,14,words-25,2025-11-25 16:11:54.225244+00
276cf51e-7951-4175-a5e2-2b25ba91a082,ce2b50dd-c84f-4a3d-8ea9-afef4af5a933,12,528,2.00,0.00,1,lesson,2025-10-25 14:59:34.177311+00
282d2f10-9ea6-4f3d-90bd-d48124691738,ce2b50dd-c84f-4a3d-8ea9-afef4af5a933,40,69,58.00,0.00,28,lesson,2025-10-21 23:13:42.221849+00
296e0bc7-38ac-444d-9572-bc75c5cfae45,ce2b50dd-c84f-4a3d-8ea9-afef4af5a933,84,504,17.00,0.00,1,lesson,2025-10-25 14:59:23.85021+00
2b94842f-8d0a-47cb-be22-d5cb88b562cd,de29ef54-0be6-46a5-bbcd-547af7c94f7d,26,26,90.00,0.00,21,lesson,2025-10-28 00:01:48.459036+00
2c316642-102b-412e-bb1e-1071e335c14d,b50de630-97c7-4202-8113-ca8cfa229cb6,35,41,85.00,0.00,14,lesson,2025-11-06 14:56:10.90021+00
2cb113f9-5ad7-4e79-914f-99c837a8dcb0,ce2b50dd-c84f-4a3d-8ea9-afef4af5a933,108,258,42.00,0.00,2,lesson,2025-10-25 15:04:52.526104+00
2d0423a9-4731-42fe-9aae-fcdefae8adc6,ce2b50dd-c84f-4a3d-8ea9-afef4af5a933,84,84,100.00,0.00,6,lesson,2025-10-21 23:09:29.79104+00
2d3f19a8-244e-4cb7-b850-dd08f041290a,ce2b50dd-c84f-4a3d-8ea9-afef4af5a933,180,264,68.00,0.00,2,lesson,2025-10-24 23:51:57.141886+00
2d6fc235-d548-4bba-9991-588dd524b7d2,ce2b50dd-c84f-4a3d-8ea9-afef4af5a933,84,528,16.00,0.00,1,lesson,2025-10-22 16:24:25.688976+00
2d9c25f1-1ac5-46b0-850a-78e6d919428d,ce2b50dd-c84f-4a3d-8ea9-afef4af5a933,180,504,36.00,0.00,1,lesson,2025-10-25 14:26:28.571943+00
2dd0dff9-fc28-4a35-8085-f1996e21d535,ce2b50dd-c84f-4a3d-8ea9-afef4af5a933,79,79,100.00,0.00,7,lesson,2025-10-22 23:46:44.124323+00
2e095fb3-7c89-4c05-9a97-0a267b3b4777,ce2b50dd-c84f-4a3d-8ea9-afef4af5a933,98,98,93.00,0.00,5,words-10,2025-11-25 21:07:34.904605+00
2e74827c-85d4-4c04-8686-ed905a52c8bb,ce2b50dd-c84f-4a3d-8ea9-afef4af5a933,360,528,68.00,0.00,1,lesson,2025-10-25 14:54:24.987654+00
30634762-70a8-465b-83ab-91683bac33b3,ce2b50dd-c84f-4a3d-8ea9-afef4af5a933,63,63,100.00,0.00,9,lesson,2025-10-22 23:31:22.744365+00
306aadb5-4f08-4f0e-acf9-d3942aecd6d9,ce2b50dd-c84f-4a3d-8ea9-afef4af5a933,24,668,4.00,0.00,3,lesson,2025-10-22 16:25:06.236609+00
3099085e-3f9d-4c89-995a-cc62948783a7,ce2b50dd-c84f-4a3d-8ea9-afef4af5a933,360,504,71.00,0.00,1,lesson,2025-10-24 23:55:36.701741+00
30f5416e-1f5b-4167-935d-f021fa9676c8,ce2b50dd-c84f-4a3d-8ea9-afef4af5a933,31,32,98.00,0.00,17,lesson,2025-10-22 00:13:31.918689+00
3120ebe4-91ee-4382-8f70-c21f63415bc5,b50de630-97c7-4202-8113-ca8cfa229cb6,26,26,96.00,0.00,21,lesson,2025-11-06 14:57:08.285826+00
31596a89-db16-4b27-9fb3-414986af85ca,b50de630-97c7-4202-8113-ca8cfa229cb6,480,480,100.00,0.00,1,lesson,2025-11-24 19:47:29.956533+00
327fb51f-a4c4-4011-bb14-81d0ce044cc0,de29ef54-0be6-46a5-bbcd-547af7c94f7d,23,23,94.00,0.00,23,lesson,2025-10-30 00:10:13.647075+00
333d78dc-523d-43e8-86ce-c7ca8192635d,ce2b50dd-c84f-4a3d-8ea9-afef4af5a933,24,480,5.00,0.00,1,words-10,2025-10-27 00:59:55.338272+00
33859d1e-3cd9-4c09-bca5-caff1477fc98,b50de630-97c7-4202-8113-ca8cfa229cb6,79,79,100.00,0.00,7,lesson,2025-11-25 16:31:21.99798+00
3411375c-4ff7-4406-9d22-70a5db5c1c0b,b50de630-97c7-4202-8113-ca8cfa229cb6,69,69,98.00,0.00,8,lesson,2025-11-25 16:32:12.850695+00
34257a2e-21dd-4c47-9521-e4ddfb83ca59,ce2b50dd-c84f-4a3d-8ea9-afef4af5a933,360,516,70.00,0.00,1,lesson,2025-10-25 14:47:50.000032+00
34481432-b4d0-48b1-bddb-1cc11e2bdf2f,ce2b50dd-c84f-4a3d-8ea9-afef4af5a933,12,394,3.00,0.00,5,lesson,2025-10-22 16:18:26.323081+00
3514b7b1-2c28-4468-9bec-f235b87803ca,ce2b50dd-c84f-4a3d-8ea9-afef4af5a933,180,276,65.00,0.00,2,lesson,2025-10-25 15:04:38.527394+00
35176f8e-d1bc-495e-ab4c-a6bb952fd76e,ce2b50dd-c84f-4a3d-8ea9-afef4af5a933,48,636,8.00,0.00,1,lesson,2025-10-27 00:37:02.793222+00
3648b5d1-7a47-4210-a41d-451107324680,ce2b50dd-c84f-4a3d-8ea9-afef4af5a933,72,528,14.00,0.00,1,lesson,2025-10-21 22:45:09.171155+00
384bb9e7-c267-44a2-a9fb-47583d2118d4,ce2b50dd-c84f-4a3d-8ea9-afef4af5a933,89,89,100.00,0.00,15,words-25,2025-11-24 19:25:59.651526+00
3907136a-4e08-4ae7-a631-09998ecd57d2,ce2b50dd-c84f-4a3d-8ea9-afef4af5a933,0,172,0.00,0.00,3,lesson,2025-10-25 14:53:00.176969+00
3acfc1fd-86eb-487b-be1c-68488fcf3057,ce2b50dd-c84f-4a3d-8ea9-afef4af5a933,38,242,16.00,0.00,11,words-50,2025-10-22 22:01:43.50924+00
3adb304b-dbff-4ead-8307-55d57e84f269,b50de630-97c7-4202-8113-ca8cfa229cb6,528,528,100.00,0.00,1,lesson,2025-11-24 19:47:27.698078+00
3ae761d2-e2cd-4f7f-8e8c-34e9819d0f28,ce2b50dd-c84f-4a3d-8ea9-afef4af5a933,77,86,88.00,0.00,15,words-25,2025-11-24 19:27:33.905647+00
3bb09e3d-2f0e-4ed5-80fb-7399489dc9b1,b50de630-97c7-4202-8113-ca8cfa229cb6,38,41,87.00,0.00,13,lesson,2025-11-25 16:32:44.850356+00
3d8eb6ef-bfb0-4a5d-8460-55f881615d1b,ce2b50dd-c84f-4a3d-8ea9-afef4af5a933,360,552,65.00,0.00,1,lesson,2025-10-25 14:53:26.48786+00
3dbd2675-4923-4476-a124-6a928ef8a31d,ce2b50dd-c84f-4a3d-8ea9-afef4af5a933,90,90,94.00,0.00,6,words-10,2025-11-25 21:06:45.208659+00
3dd3c99d-bc87-4d5f-98ff-fced4ab91333,ce2b50dd-c84f-4a3d-8ea9-afef4af5a933,78,270,29.00,0.00,2,lesson,2025-10-25 14:26:41.242311+00
3f0ba377-ec3e-4bfd-9eb7-1906b96e3aad,b50de630-97c7-4202-8113-ca8cfa229cb6,61,65,95.00,0.00,8,lesson,2025-11-06 14:55:23.70259+00
402522fa-f4c7-4b83-8f23-a8ec9ded1f33,b50de630-97c7-4202-8113-ca8cfa229cb6,29,37,67.00,0.00,15,lesson,2025-11-25 16:33:02.59667+00
406e8d41-8cc6-472e-8146-117737d5ff1f,ce2b50dd-c84f-4a3d-8ea9-afef4af5a933,156,516,30.00,0.00,1,lesson,2025-10-25 14:47:52.900514+00
40ab3c8c-415f-4a1d-a79e-4d06e8988e03,b50de630-97c7-4202-8113-ca8cfa229cb6,552,552,100.00,0.00,1,lesson,2025-11-25 16:14:27.082456+00
4102bace-a4f9-4ae7-80d5-a78c91e28f91,b50de630-97c7-4202-8113-ca8cfa229cb6,70,74,95.00,0.00,7,lesson,2025-11-06 14:54:53.021851+00
416beb3b-21a5-4320-ae0e-111ae32f7e56,ce2b50dd-c84f-4a3d-8ea9-afef4af5a933,41,41,100.00,0.00,8,lesson,2025-10-21 22:15:34.858888+00
41c6f2df-e5b1-488f-aae1-b40a48a2b19a,ce2b50dd-c84f-4a3d-8ea9-afef4af5a933,26,26,100.00,0.00,5,lesson,2025-10-27 00:31:38.389724+00
4244e39a-7da7-42e4-97dd-31a36a42df9a,b50de630-97c7-4202-8113-ca8cfa229cb6,112,120,93.00,0.00,10,words-25,2025-11-25 16:16:04.287918+00
42a4f584-31b4-4e70-b6ae-ac4103fb0fb4,b50de630-97c7-4202-8113-ca8cfa229cb6,0,552,0.00,0.00,1,lesson,2025-11-25 16:52:00.366567+00
42f63069-5c98-41b4-b64a-bf54005535ef,ce2b50dd-c84f-4a3d-8ea9-afef4af5a933,61,64,96.00,0.00,9,lesson,2025-10-26 23:36:49.374442+00
42f9d39b-bf7f-4cec-aff4-ad3b104d0b0f,ce2b50dd-c84f-4a3d-8ea9-afef4af5a933,66,66,100.00,0.00,19,words-25,2025-11-24 19:29:39.398314+00
4314adf3-5aa6-4a10-9665-7e4806a5f1a9,ce2b50dd-c84f-4a3d-8ea9-afef4af5a933,132,132,100.00,0.00,1,lesson,2025-10-27 00:39:28.30812+00
4316e3b0-96d3-4035-9cf0-01051f5e4db9,ce2b50dd-c84f-4a3d-8ea9-afef4af5a933,360,540,67.00,0.00,1,lesson,2025-10-24 23:55:38.18967+00
432db293-fdde-473b-bdf8-eb8b470b32f6,ce2b50dd-c84f-4a3d-8ea9-afef4af5a933,120,120,98.00,0.00,4,words-10,2025-11-25 21:07:06.185001+00
436e6e23-8417-4344-aa7f-b9591a705003,ce2b50dd-c84f-4a3d-8ea9-afef4af5a933,82,82,100.00,0.00,19,words-25,2025-10-27 00:00:14.135699+00
43791991-1f3d-4df0-ac52-3ed3587929e9,ce2b50dd-c84f-4a3d-8ea9-afef4af5a933,0,516,0.00,0.00,1,lesson,2025-10-25 14:17:35.992833+00
43935cf4-25e1-4b96-bd1e-2b547f91f08e,ce2b50dd-c84f-4a3d-8ea9-afef4af5a933,360,540,67.00,0.00,1,lesson,2025-10-24 23:52:00.160102+00
442d7231-3c13-4d8a-9c63-2ce5f4f56cc6,b50de630-97c7-4202-8113-ca8cfa229cb6,46,50,90.00,0.00,10,lesson,2025-11-06 14:55:14.971573+00
4460fc42-364e-4e9e-8495-fc0b10f07b7c,ce2b50dd-c84f-4a3d-8ea9-afef4af5a933,360,528,68.00,0.00,1,lesson,2025-10-24 23:55:46.59287+00
447429f6-0261-4440-90b8-31fdbc60286c,ce2b50dd-c84f-4a3d-8ea9-afef4af5a933,31,103,30.00,0.00,5,lesson,2025-10-25 15:59:26.469545+00
44917175-d039-48f1-9bad-9869a1d65156,ce2b50dd-c84f-4a3d-8ea9-afef4af5a933,9,486,2.00,0.00,4,lesson,2025-10-23 14:54:58.161625+00
45500cb8-838c-44ca-9457-113cf72f8886,ce2b50dd-c84f-4a3d-8ea9-afef4af5a933,72,103,70.00,0.00,5,lesson,2025-10-21 22:39:34.522317+00
457b503b-7b0a-4206-8bf2-8b45a3ffc661,ce2b50dd-c84f-4a3d-8ea9-afef4af5a933,60,60,100.00,0.00,9,lesson,2025-10-24 23:36:07.893806+00
46698e97-4011-46b3-8362-d7f79676d4a7,ce2b50dd-c84f-4a3d-8ea9-afef4af5a933,360,516,70.00,0.00,1,lesson,2025-10-24 23:54:24.05771+00
4682fe51-e2ce-42a8-b256-8b6104d59621,ce2b50dd-c84f-4a3d-8ea9-afef4af5a933,94,94,100.00,0.00,7,lesson,2025-10-25 14:32:36.018311+00
47694440-356a-4eb2-a219-ec43f80e105f,ce2b50dd-c84f-4a3d-8ea9-afef4af5a933,89,89,100.00,0.00,15,words-25,2025-10-26 23:23:58.310351+00
484f02a0-bade-40ae-94ee-5f511bc47812,ce2b50dd-c84f-4a3d-8ea9-afef4af5a933,88,88,100.00,0.00,6,lesson,2025-10-25 14:32:43.227466+00
48cb5179-eccf-46f8-87e2-13c8eae5ec6d,ce2b50dd-c84f-4a3d-8ea9-afef4af5a933,81,83,98.00,0.00,18,words-30,2025-10-19 03:18:35.778787+00
49744485-00c2-4351-ab3e-feb4827196f9,ce2b50dd-c84f-4a3d-8ea9-afef4af5a933,19,108,18.00,0.00,5,lesson,2025-10-21 22:49:21.802617+00
498d51c3-3fee-432d-83f5-2fc5d905c2fa,ce2b50dd-c84f-4a3d-8ea9-afef4af5a933,16,656,2.00,0.00,3,lesson,2025-10-22 21:52:43.174477+00
4a049fb2-57a5-4e27-bacc-0ff73b5a731a,b50de630-97c7-4202-8113-ca8cfa229cb6,75,75,100.00,0.00,7,lesson,2025-11-06 14:55:37.346614+00
4acdf110-e864-4fdd-8874-d7ca4651c210,ce2b50dd-c84f-4a3d-8ea9-afef4af5a933,60,264,23.00,0.00,2,lesson,2025-10-21 22:30:02.527603+00
4c1a62a1-50ff-4a9e-b2a7-f59109fa3ec8,ce2b50dd-c84f-4a3d-8ea9-afef4af5a933,360,564,64.00,0.00,1,lesson,2025-10-25 14:47:00.415853+00
4c2929f5-c370-40b5-adde-6a3d150dae86,ce2b50dd-c84f-4a3d-8ea9-afef4af5a933,360,552,65.00,0.00,1,lesson,2025-10-25 14:20:04.29998+00
4c2c2906-4d5f-450a-9e5a-95ef47c22576,ce2b50dd-c84f-4a3d-8ea9-afef4af5a933,39,39,100.00,0.00,13,lesson,2025-10-22 15:27:57.185622+00
4cfba255-e609-48c4-a103-c156e2c7a767,ce2b50dd-c84f-4a3d-8ea9-afef4af5a933,101,101,98.00,0.00,5,words-10,2025-11-04 15:51:52.156187+00
4e2ae343-e283-438d-8010-64ada4bacc5c,ce2b50dd-c84f-4a3d-8ea9-afef4af5a933,0,516,0.00,0.00,1,lesson,2025-10-25 14:18:08.380167+00
4f68701f-4f27-4915-bbe8-90aadd871031,ce2b50dd-c84f-4a3d-8ea9-afef4af5a933,67,75,89.00,0.00,20,words-30,2025-10-19 02:52:22.286216+00
4fb39b4c-8c4c-47ac-833a-88fbcdad8efb,de29ef54-0be6-46a5-bbcd-547af7c94f7d,36,36,98.00,0.00,15,lesson,2025-10-30 00:09:23.610438+00
5078b111-b024-4d12-9eda-4befbf881b4d,ce2b50dd-c84f-4a3d-8ea9-afef4af5a933,63,63,100.00,0.00,4,lesson,2025-10-21 22:12:28.405736+00
5111a688-5d57-4dc8-b1c1-b29c3b725a15,ce2b50dd-c84f-4a3d-8ea9-afef4af5a933,52,52,100.00,0.00,10,lesson,2025-10-26 23:37:00.951629+00
5183cdc5-2933-4f2a-bd37-da16e8761785,ce2b50dd-c84f-4a3d-8ea9-afef4af5a933,60,648,9.00,0.00,1,lesson,2025-10-25 14:59:32.723998+00
5256b6a2-d204-4500-ae8f-d227849a793d,b50de630-97c7-4202-8113-ca8cfa229cb6,360,528,69.00,0.00,1,lesson,2025-11-25 16:30:37.364637+00
52b9926a-2ca4-41c7-b828-88f275724376,ce2b50dd-c84f-4a3d-8ea9-afef4af5a933,0,492,0.00,0.00,1,lesson,2025-10-25 14:18:06.946299+00
534771c6-5571-435e-9d23-a45417a422ec,ce2b50dd-c84f-4a3d-8ea9-afef4af5a933,72,540,13.00,0.00,1,lesson,2025-10-21 22:45:10.015857+00
536e6b3c-5f4d-4b3f-b671-cdfba52b4bdd,b50de630-97c7-4202-8113-ca8cfa229cb6,59,59,91.00,0.00,10,lesson,2025-11-25 16:32:29.676305+00
54a60a6e-3c95-4b40-8458-295607ee684c,b50de630-97c7-4202-8113-ca8cfa229cb6,28,33,84.00,0.00,16,lesson,2025-11-06 14:55:55.509854+00
5504571f-8bf5-4c33-9677-6282885bd0b4,de29ef54-0be6-46a5-bbcd-547af7c94f7d,31,31,98.00,0.00,17,lesson,2025-10-28 00:03:16.879976+00
5547bab5-ee09-4ef3-b896-a4a87cff72c4,ce2b50dd-c84f-4a3d-8ea9-afef4af5a933,94,94,100.00,0.00,6,words-10,2025-10-27 00:57:43.947461+00
55655da1-9795-4828-a24c-5f18e7497d67,ce2b50dd-c84f-4a3d-8ea9-afef4af5a933,180,288,63.00,0.00,2,lesson,2025-10-25 14:59:42.514402+00
56027d42-367d-41cf-bff5-b895d77929ef,ce2b50dd-c84f-4a3d-8ea9-afef4af5a933,15,495,3.00,0.00,4,lesson,2025-10-23 15:14:03.834946+00
57be3d9b-87c0-40a6-94e8-d8ccd0f87358,ce2b50dd-c84f-4a3d-8ea9-afef4af5a933,79,79,100.00,0.00,7,lesson,2025-10-21 22:43:02.333926+00
583bd026-f98c-4698-9d57-e1394f3a3f38,ce2b50dd-c84f-4a3d-8ea9-afef4af5a933,94,94,100.00,0.00,6,lesson,2025-10-22 23:54:15.175998+00
58bb1a94-1380-4f0b-9bb8-d2b8ffb2f5b7,ce2b50dd-c84f-4a3d-8ea9-afef4af5a933,42,528,8.00,0.00,2,lesson,2025-10-22 21:59:46.255177+00
59012c97-f7bf-4257-9258-cecea085fdfd,de29ef54-0be6-46a5-bbcd-547af7c94f7d,20,20,94.00,0.00,28,lesson,2025-10-28 00:04:47.842897+00
59743c8f-eca8-4b6b-983d-9e3af667563a,b50de630-97c7-4202-8113-ca8cfa229cb6,540,540,100.00,0.00,1,lesson,2025-11-24 19:47:28.889296+00
5a48c70c-79d0-4bbf-ba23-1105b85297f0,ce2b50dd-c84f-4a3d-8ea9-afef4af5a933,69,69,99.00,0.00,23,words-30,2025-10-19 02:30:10.758488+00
5cc87671-78bb-487b-b22d-633b9dbc87a9,ce2b50dd-c84f-4a3d-8ea9-afef4af5a933,6,468,1.00,0.00,2,lesson,2025-10-23 15:02:34.67142+00
5cca8268-264f-45a2-8192-df6edbbdae33,ce2b50dd-c84f-4a3d-8ea9-afef4af5a933,96,96,100.00,0.00,2,lesson,2025-10-21 22:14:33.178729+00
5d69af35-3956-47d6-bd62-da020b0dbd2b,b50de630-97c7-4202-8113-ca8cfa229cb6,528,528,100.00,0.00,1,lesson,2025-11-24 19:52:55.508255+00
5d9fdf86-cb57-4b69-86f9-336becbaf0d2,ce2b50dd-c84f-4a3d-8ea9-afef4af5a933,42,258,16.00,0.00,2,lesson,2025-10-22 23:41:55.192832+00
5dbc7769-fc6c-4de2-94ec-8c5db51c46d1,b50de630-97c7-4202-8113-ca8cfa229cb6,132,552,24.00,0.00,1,lesson,2025-11-25 16:30:52.497235+00
5e0f4b11-cba9-48ab-9d92-d9cde744a6dc,ce2b50dd-c84f-4a3d-8ea9-afef4af5a933,45,45,100.00,0.00,4,lesson,2025-10-21 16:08:55.991122+00
5e7c6878-a438-43f8-aae5-f114372bab7a,de29ef54-0be6-46a5-bbcd-547af7c94f7d,33,33,96.00,0.00,16,lesson,2025-10-28 00:02:36.445093+00
5f98de6a-168a-48dd-a895-6cccb60bfb65,ce2b50dd-c84f-4a3d-8ea9-afef4af5a933,94,94,100.00,0.00,5,lesson,2025-10-21 22:16:58.748247+00
60427d0c-78f3-4574-a2df-f5c2adb520a3,b50de630-97c7-4202-8113-ca8cfa229cb6,0,504,0.00,0.00,1,lesson,2025-11-24 19:57:38.499299+00
61459b82-695d-44ac-b00b-de84f5626dbf,ce2b50dd-c84f-4a3d-8ea9-afef4af5a933,36,274,13.00,0.00,6,words-30,2025-10-19 03:07:24.703152+00
61847c75-8532-484a-89ec-0d7b02c764f4,ce2b50dd-c84f-4a3d-8ea9-afef4af5a933,24,540,4.00,0.00,1,lesson,2025-10-22 16:24:40.361856+00
63da9309-d75f-4c71-bf78-3f5009bc4d9c,ce2b50dd-c84f-4a3d-8ea9-afef4af5a933,63,63,100.00,0.00,9,lesson,2025-10-27 01:09:43.188599+00
65749acb-1f86-47de-a636-aa5f64b79289,b50de630-97c7-4202-8113-ca8cfa229cb6,0,516,0.00,0.00,1,lesson,2025-11-25 16:51:58.889377+00
659e7b75-cf63-4b47-9f25-6cea8e0899b0,ce2b50dd-c84f-4a3d-8ea9-afef4af5a933,17,20,85.00,0.00,16,lesson,2025-10-26 23:36:19.929362+00
6769eb4a-a3e8-4955-9450-b046351dac70,ce2b50dd-c84f-4a3d-8ea9-afef4af5a933,36,576,6.00,0.00,1,lesson,2025-10-22 21:01:30.186574+00
68131224-e9bc-4186-b22f-21583a122ec7,b50de630-97c7-4202-8113-ca8cfa229cb6,24,27,88.00,0.00,19,lesson,2025-11-06 14:56:46.182472+00
6876245f-25d6-43da-b092-652e71914d0e,b50de630-97c7-4202-8113-ca8cfa229cb6,17,17,82.00,0.00,31,lesson,2025-11-06 15:31:44.475906+00
690d6925-35b3-4b42-9a1f-1bc5d380d1ec,ce2b50dd-c84f-4a3d-8ea9-afef4af5a933,180,180,100.00,0.00,2,lesson,2025-10-24 23:10:01.37232+00
692acfbf-4361-4172-ba73-2c5cd866dc42,ce2b50dd-c84f-4a3d-8ea9-afef4af5a933,32,180,18.00,0.00,3,lesson,2025-10-25 14:59:22.464166+00
69c58faa-4206-4c3a-84e3-d67c333da6d8,ce2b50dd-c84f-4a3d-8ea9-afef4af5a933,53,216,25.00,0.00,9,lesson,2025-10-23 15:10:10.122598+00
6a2f68c9-43d1-487a-9d93-53819c878544,ce2b50dd-c84f-4a3d-8ea9-afef4af5a933,0,540,0.00,0.00,1,lesson,2025-10-27 00:37:13.104993+00
6ae0368a-300e-42d3-8c25-82401146fb9b,ce2b50dd-c84f-4a3d-8ea9-afef4af5a933,0,328,0.00,0.00,6,lesson,2025-10-23 15:20:03.964837+00
6b9fc9fc-7063-4cfb-9625-32f42b07d0bc,ce2b50dd-c84f-4a3d-8ea9-afef4af5a933,168,504,33.00,0.00,1,lesson,2025-10-25 14:46:54.216819+00
6c2b0073-dea4-4f6b-8efe-fef2d76325b5,ce2b50dd-c84f-4a3d-8ea9-afef4af5a933,48,540,9.00,0.00,1,lesson,2025-10-22 16:24:38.967778+00
6cca6efe-332f-45ff-9f1f-9b9bc900d634,de29ef54-0be6-46a5-bbcd-547af7c94f7d,38,39,92.00,0.00,14,lesson,2025-10-28 00:00:57.172674+00
6d5f5586-5113-4ccb-a5f5-ba85fded9620,ce2b50dd-c84f-4a3d-8ea9-afef4af5a933,7,394,2.00,0.00,5,lesson,2025-10-23 15:07:11.649439+00
6dbb0013-b808-4dd8-a547-4296f3ab7c3e,ce2b50dd-c84f-4a3d-8ea9-afef4af5a933,135,141,96.00,0.00,4,words-10,2025-11-04 22:15:33.948457+00
6dc4cdb8-373c-4cda-8762-fea468d046ed,b50de630-97c7-4202-8113-ca8cfa229cb6,120,552,21.00,0.00,1,lesson,2025-11-25 16:30:53.641665+00
706f375a-1fc2-44e1-be45-44a7c31b278a,ce2b50dd-c84f-4a3d-8ea9-afef4af5a933,20,68,29.00,0.00,9,lesson,2025-10-27 00:37:24.849684+00
715c1491-5a6a-46fd-b472-4b35706b808e,ce2b50dd-c84f-4a3d-8ea9-afef4af5a933,36,36,100.00,0.00,5,lesson,2025-10-21 22:02:08.932881+00
730f0345-98ea-4acc-b518-afb2927aeaa7,ce2b50dd-c84f-4a3d-8ea9-afef4af5a933,0,540,0.00,0.00,1,lesson,2025-10-25 14:52:56.382663+00
739676c4-0659-4047-a037-02565a4133c8,b50de630-97c7-4202-8113-ca8cfa229cb6,360,528,68.00,0.00,1,lesson,2025-11-25 16:09:53.008353+00
7485d886-c4b6-47d4-b1d8-deec3d7794d2,ce2b50dd-c84f-4a3d-8ea9-afef4af5a933,28,660,4.00,0.00,3,lesson,2025-10-22 21:59:43.76465+00
74b1beb8-9e9c-4198-aa85-3b4ebf472af0,ce2b50dd-c84f-4a3d-8ea9-afef4af5a933,360,516,70.00,0.00,1,lesson,2025-10-25 14:53:06.566168+00
753baafd-8198-441b-821a-f76a5f4d0831,ce2b50dd-c84f-4a3d-8ea9-afef4af5a933,74,77,96.00,0.00,7,lesson,2025-10-22 00:13:12.991076+00
758c57cf-aa6f-401a-961b-c895381d6a4d,ce2b50dd-c84f-4a3d-8ea9-afef4af5a933,228,540,42.00,0.00,1,lesson,2025-10-24 23:55:48.076063+00
762bb19e-f324-45a8-85a5-1e3234607947,de29ef54-0be6-46a5-bbcd-547af7c94f7d,43,43,100.00,0.00,12,lesson,2025-10-28 00:03:44.968986+00
77eab36e-e7ca-4418-a54f-01a345204ff6,b50de630-97c7-4202-8113-ca8cfa229cb6,65,65,100.00,0.00,8,lesson,2025-11-06 14:56:24.571164+00
781dbc57-232b-4735-8bdf-3ed3ea42caec,ce2b50dd-c84f-4a3d-8ea9-afef4af5a933,12,110,11.00,0.00,5,lesson,2025-10-21 22:49:15.708504+00
787511ad-d049-4132-b037-2e87ffb92e5f,b50de630-97c7-4202-8113-ca8cfa229cb6,540,540,100.00,0.00,1,lesson,2025-11-24 19:47:04.131003+00
78b8d71f-45c1-4ca0-b9b3-1b1ad6ec0340,ce2b50dd-c84f-4a3d-8ea9-afef4af5a933,2,196,1.00,0.00,6,lesson,2025-10-23 15:25:50.064298+00
79ac6734-03a6-4b74-8dc3-78339bad4d7c,ce2b50dd-c84f-4a3d-8ea9-afef4af5a933,99,111,85.00,0.00,4,words-10,2025-11-04 15:51:57.720897+00
7a38e679-aac4-42c2-b0fd-b453fe7efc09,ce2b50dd-c84f-4a3d-8ea9-afef4af5a933,4,364,1.00,0.00,3,lesson,2025-10-27 01:06:07.696237+00
7a3bd181-085c-42e7-946f-06d6c699b5ab,ce2b50dd-c84f-4a3d-8ea9-afef4af5a933,42,990,4.00,0.00,2,lesson,2025-10-22 21:59:40.015774+00
7a77df54-f14a-49ce-8290-179ccb6f0a06,ce2b50dd-c84f-4a3d-8ea9-afef4af5a933,360,516,70.00,0.00,1,lesson,2025-10-24 23:54:25.436238+00
7acc8b62-6255-4ec1-92ef-921fba7b8bfa,ce2b50dd-c84f-4a3d-8ea9-afef4af5a933,360,564,64.00,0.00,1,lesson,2025-10-25 14:59:51.160459+00
7bc0f442-e609-41d5-aa52-cface5ff1d10,ce2b50dd-c84f-4a3d-8ea9-afef4af5a933,55,55,100.00,0.00,10,lesson,2025-10-21 22:22:56.260445+00
7bcd02c9-e656-4d17-9d28-ec4aee0ca095,ce2b50dd-c84f-4a3d-8ea9-afef4af5a933,55,65,85.00,0.00,23,words-30,2025-10-19 02:37:38.536259+00
7c19d765-6ecb-4eee-833f-5b00f35e1f4a,ce2b50dd-c84f-4a3d-8ea9-afef4af5a933,15,495,3.00,0.00,4,lesson,2025-10-23 14:55:03.025623+00
7c1c26b6-73e9-4f8d-b9a7-db6f81081c10,ce2b50dd-c84f-4a3d-8ea9-afef4af5a933,66,66,100.00,0.00,8,lesson,2025-10-22 00:12:39.697241+00
7c1e0a4d-5830-4b46-91ac-071f74c7f0ed,ce2b50dd-c84f-4a3d-8ea9-afef4af5a933,24,528,5.00,0.00,1,lesson,2025-10-22 16:25:20.819048+00
7d27b95c-1785-4176-8647-0c51771fff3e,ce2b50dd-c84f-4a3d-8ea9-afef4af5a933,0,516,0.00,0.00,1,lesson,2025-10-25 14:18:05.6237+00
7eb27098-eaeb-415a-8af7-14f72fec46be,ce2b50dd-c84f-4a3d-8ea9-afef4af5a933,71,82,87.00,0.00,22,words-30,2025-10-19 02:25:43.716255+00
7ed4c906-7f7b-460a-9d05-c2b2d40f093b,ce2b50dd-c84f-4a3d-8ea9-afef4af5a933,89,89,93.00,0.00,5,words-10,2025-11-25 20:53:36.956358+00
7f2de0fe-a6fa-4890-bce0-4d5e06d8dd4e,b50de630-97c7-4202-8113-ca8cfa229cb6,26,26,94.00,0.00,22,lesson,2025-11-06 14:57:48.125942+00
805062ff-59ec-4836-8f3d-d7ba2bc8424c,ce2b50dd-c84f-4a3d-8ea9-afef4af5a933,89,95,94.00,0.00,16,words-30,2025-10-19 02:30:42.776512+00
80ce6a17-36bb-49b4-9c94-a47887b47575,ce2b50dd-c84f-4a3d-8ea9-afef4af5a933,75,79,96.00,0.00,7,words-10,2025-10-27 00:56:23.035046+00
8100b5dd-4e82-4e6f-acca-c9b15258908f,ce2b50dd-c84f-4a3d-8ea9-afef4af5a933,156,552,28.00,0.00,1,lesson,2025-10-25 14:47:03.612656+00
810417e5-3927-419f-b040-af1fd45e8f6b,ce2b50dd-c84f-4a3d-8ea9-afef4af5a933,77,77,100.00,0.00,7,lesson,2025-10-27 18:45:35.411841+00
81da17ec-d924-423f-9014-60089c236972,ce2b50dd-c84f-4a3d-8ea9-afef4af5a933,50,279,18.00,0.00,7,lesson,2025-10-23 15:24:21.936003+00
82138ebc-2f7e-496b-907d-3360bec5d885,b50de630-97c7-4202-8113-ca8cfa229cb6,264,264,100.00,0.00,2,lesson,2025-11-24 19:50:03.578644+00
82ea3bb2-81e2-4744-8abe-872effcb62a6,ce2b50dd-c84f-4a3d-8ea9-afef4af5a933,9,93,9.00,0.00,7,lesson,2025-10-27 00:37:57.25035+00
83655e97-0962-4949-973d-027837ca1124,ce2b50dd-c84f-4a3d-8ea9-afef4af5a933,24,168,14.00,0.00,3,lesson,2025-10-21 22:49:09.575131+00
853373fd-e731-4d59-8478-8e060a876577,b50de630-97c7-4202-8113-ca8cfa229cb6,360,564,65.00,0.00,1,lesson,2025-11-25 16:09:54.117141+00
858ae834-dddc-41bc-9f4e-218767c049de,ce2b50dd-c84f-4a3d-8ea9-afef4af5a933,94,97,96.00,0.00,17,words-30,2025-10-21 15:33:51.352581+00
859110d8-8234-4e48-bf7e-ab9d6498fe38,ce2b50dd-c84f-4a3d-8ea9-afef4af5a933,2,396,1.00,0.00,5,lesson,2025-10-22 16:11:27.067997+00
86706ad5-3caa-4a80-8569-38615828fce4,ce2b50dd-c84f-4a3d-8ea9-afef4af5a933,91,91,100.00,0.00,17,words-30,2025-10-21 15:42:07.678893+00
86c5f41c-dc60-4339-a374-70386e0eb9a9,b50de630-97c7-4202-8113-ca8cfa229cb6,0,480,0.00,0.00,1,lesson,2025-11-24 19:57:40.782185+00
8712cf27-4255-4747-af4a-cb293f0f5a69,ce2b50dd-c84f-4a3d-8ea9-afef4af5a933,24,498,5.00,0.00,4,lesson,2025-10-22 21:52:18.782886+00
872f47e2-a711-40f4-a268-db3bef30730c,b50de630-97c7-4202-8113-ca8cfa229cb6,24,516,7.00,0.00,1,lesson,2025-11-25 16:15:18.525257+00
87a694d8-58e3-4efd-8990-dbaca8b900d5,ce2b50dd-c84f-4a3d-8ea9-afef4af5a933,48,516,9.00,0.00,1,lesson,2025-10-21 22:47:55.171961+00
87f54def-483d-4279-8549-24570e212758,ce2b50dd-c84f-4a3d-8ea9-afef4af5a933,25,165,15.00,0.00,12,lesson,2025-10-23 15:21:33.288256+00
89023fbf-0f1e-4699-a16d-1e0bd71dd838,ce2b50dd-c84f-4a3d-8ea9-afef4af5a933,360,540,67.00,0.00,1,lesson,2025-10-25 14:46:42.429117+00
8935f689-7607-4ec2-aff6-f73e2ee21cc8,ce2b50dd-c84f-4a3d-8ea9-afef4af5a933,57,57,93.00,0.00,9,lesson,2025-10-27 18:45:46.639375+00
895e8907-24b5-4e3b-aa85-445012e68900,b50de630-97c7-4202-8113-ca8cfa229cb6,65,65,98.00,0.00,8,lesson,2025-11-06 15:31:12.501456+00
8976a3c2-566a-47fb-9819-dd7754fd01e8,ce2b50dd-c84f-4a3d-8ea9-afef4af5a933,96,96,98.00,0.00,6,words-10,2025-11-25 21:06:52.279277+00
898134b7-42b1-4f23-ab11-f5cd7b837c07,ce2b50dd-c84f-4a3d-8ea9-afef4af5a933,82,90,91.00,0.00,6,lesson,2025-10-22 00:15:57.61375+00
89bed62b-260c-4b7a-88b3-b44a1c48dfef,ce2b50dd-c84f-4a3d-8ea9-afef4af5a933,56,56,100.00,0.00,10,lesson,2025-10-25 14:32:27.870593+00
8a145596-951f-4895-8afa-3bf73dd39b70,ce2b50dd-c84f-4a3d-8ea9-afef4af5a933,54,54,92.00,0.00,10,lesson,2025-10-27 18:45:57.54705+00
8a157636-b7e6-4389-99a3-cb325f207924,b50de630-97c7-4202-8113-ca8cfa229cb6,88,88,100.00,0.00,6,lesson,2025-11-06 14:55:03.877578+00
8a83faf5-c5c7-4d49-a400-755da56c6ef3,ce2b50dd-c84f-4a3d-8ea9-afef4af5a933,48,540,9.00,0.00,1,lesson,2025-10-22 16:24:26.973983+00
8aa3a08f-49a3-481b-97ae-61fed5e3b37b,ce2b50dd-c84f-4a3d-8ea9-afef4af5a933,0,540,0.00,0.00,1,lesson,2025-10-27 00:37:36.23694+00
8ab944ae-b95b-425b-b719-c29b3a185dd0,ce2b50dd-c84f-4a3d-8ea9-afef4af5a933,180,282,64.00,0.00,2,lesson,2025-10-25 14:59:18.733855+00
8d2c978b-72ef-4303-97e6-06c13eb61e22,ce2b50dd-c84f-4a3d-8ea9-afef4af5a933,132,564,23.00,0.00,1,lesson,2025-10-24 23:55:49.60632+00
8d81c37f-dea1-4718-84f7-cc7236c3c7d0,ce2b50dd-c84f-4a3d-8ea9-afef4af5a933,24,666,4.00,0.00,2,lesson,2025-10-23 15:04:18.04099+00
8e9befa5-7d45-4251-9371-5829c916aaab,ce2b50dd-c84f-4a3d-8ea9-afef4af5a933,9,396,2.00,0.00,4,words-30,2025-10-23 15:14:22.493783+00
8edc2547-719f-4cd3-878d-115c87396a3f,ce2b50dd-c84f-4a3d-8ea9-afef4af5a933,83,83,100.00,0.00,15,words-25,2025-10-24 23:40:46.292428+00
8fbce0c0-3131-42e8-a7a5-88489906dc8b,ce2b50dd-c84f-4a3d-8ea9-afef4af5a933,90,90,100.00,0.00,4,lesson,2025-10-24 23:09:44.992492+00
8fbe9f36-5e36-4f01-b482-458a25dac061,ce2b50dd-c84f-4a3d-8ea9-afef4af5a933,86,86,100.00,0.00,6,lesson,2025-10-21 22:29:59.860071+00
900bfddd-2962-4ab8-9cb5-73217eaec719,ce2b50dd-c84f-4a3d-8ea9-afef4af5a933,18,252,7.00,0.00,2,words-10,2025-10-27 00:59:58.341056+00
91d9fca5-d6f0-4fbf-b85a-a64dcd8097ac,ce2b50dd-c84f-4a3d-8ea9-afef4af5a933,75,75,100.00,0.00,7,lesson,2025-10-22 23:40:37.846233+00
92437d70-1738-4336-bbc3-b896766b0518,ce2b50dd-c84f-4a3d-8ea9-afef4af5a933,60,504,12.00,0.00,1,lesson,2025-10-22 16:25:18.605713+00
92a8e560-c65a-44a1-92a7-f3397e5c3e06,de29ef54-0be6-46a5-bbcd-547af7c94f7d,22,22,93.00,0.00,23,lesson,2025-10-30 00:09:48.654287+00
932cfe1c-2c6c-4068-8334-be3720f8ff92,ce2b50dd-c84f-4a3d-8ea9-afef4af5a933,360,528,68.00,0.00,1,lesson,2025-10-25 14:53:17.580177+00
935defaa-36fa-4a0a-b9e4-8c25e2c1ddf1,ce2b50dd-c84f-4a3d-8ea9-afef4af5a933,6,10,65.00,0.00,32,lesson,2025-10-26 23:29:53.841472+00
9674e6fd-6d91-4124-a64f-803c9acf9678,ce2b50dd-c84f-4a3d-8ea9-afef4af5a933,73,73,100.00,0.00,19,words-25,2025-10-26 23:23:28.307636+00
9698c11b-2386-41a2-a7be-785c3d9bea5c,ce2b50dd-c84f-4a3d-8ea9-afef4af5a933,99,100,99.00,0.00,13,words-25,2025-10-24 23:56:47.642579+00
96c4a238-a564-42d1-8dd2-52e119c4af51,b50de630-97c7-4202-8113-ca8cfa229cb6,552,552,100.00,0.00,1,lesson,2025-11-24 19:50:05.978334+00
973c8a63-f44a-4b88-aae5-49a74c354a36,de29ef54-0be6-46a5-bbcd-547af7c94f7d,28,28,89.00,0.00,24,lesson,2025-11-25 16:14:56.825822+00
97a8d3c1-8d4e-4e2e-95d0-63e2737e891e,b50de630-97c7-4202-8113-ca8cfa229cb6,0,540,0.00,0.00,1,lesson,2025-11-24 19:57:39.712237+00
98e0ede1-84ce-401e-b5c6-e0742ac6e67d,ce2b50dd-c84f-4a3d-8ea9-afef4af5a933,90,90,100.00,0.00,2,lesson,2025-10-21 22:12:34.861215+00
98e2d5e6-e392-49d9-a737-af45d6ac36f2,ce2b50dd-c84f-4a3d-8ea9-afef4af5a933,79,79,100.00,0.00,7,lesson,2025-10-21 22:39:28.83516+00
99ffb32a-476b-4d65-add8-88b91783fcf6,b50de630-97c7-4202-8113-ca8cfa229cb6,28,28,96.00,0.00,19,lesson,2025-11-06 14:58:50.810339+00
9a74299e-8f23-46a6-8552-65d445c3dea9,ce2b50dd-c84f-4a3d-8ea9-afef4af5a933,14,391,4.00,0.00,5,lesson,2025-10-22 16:18:32.029582+00
9bb5f7d4-298d-47d0-8daf-082c1f6a0713,ce2b50dd-c84f-4a3d-8ea9-afef4af5a933,60,864,7.00,0.00,1,lesson,2025-10-23 15:14:05.388185+00
9dd2942c-0fc8-4cfd-a6a7-c756436006d5,ce2b50dd-c84f-4a3d-8ea9-afef4af5a933,60,612,10.00,0.00,1,lesson,2025-10-27 00:36:54.394371+00
9e1eba2b-827d-4f53-80b6-aa038a68b4a1,ce2b50dd-c84f-4a3d-8ea9-afef4af5a933,102,102,100.00,0.00,13,words-25,2025-10-21 15:49:27.39018+00
9e47c79c-f357-46f2-a060-73384ebb6799,ce2b50dd-c84f-4a3d-8ea9-afef4af5a933,116,116,100.00,0.00,3,lesson,2025-10-24 23:10:05.762971+00
9eb4c223-05a9-4485-ae08-ade2de5fbd43,ce2b50dd-c84f-4a3d-8ea9-afef4af5a933,84,84,96.00,0.00,19,words-25,2025-10-27 18:45:16.828162+00
9f959212-44a6-4e46-a051-29e36a1e48c3,ce2b50dd-c84f-4a3d-8ea9-afef4af5a933,84,528,16.00,0.00,1,lesson,2025-10-21 22:30:03.542125+00
9ffb6acc-42cd-4036-b934-d6cf889ca548,ce2b50dd-c84f-4a3d-8ea9-afef4af5a933,360,552,65.00,0.00,1,lesson,2025-11-24 19:24:27.640829+00
a083f414-75b6-4548-bccb-ebfa88fa6fe3,ce2b50dd-c84f-4a3d-8ea9-afef4af5a933,20,20,100.00,0.00,27,lesson,2025-10-22 23:41:31.70441+00
a147444b-1fa9-4310-a854-361e22424195,b50de630-97c7-4202-8113-ca8cfa229cb6,106,106,100.00,0.00,12,words-25,2025-11-25 16:53:23.046353+00
a1aa3828-9716-4c88-9455-5f17e0314ba9,b50de630-97c7-4202-8113-ca8cfa229cb6,360,540,67.00,0.00,1,lesson,2025-11-25 16:09:55.373974+00
a27d7b58-210f-43c0-9472-3a1f8601acd8,ce2b50dd-c84f-4a3d-8ea9-afef4af5a933,72,264,27.00,0.00,2,lesson,2025-10-21 22:47:53.578526+00
a28e5f7d-eb8e-4b8b-9c4b-8a8e6d1b653d,ce2b50dd-c84f-4a3d-8ea9-afef4af5a933,48,972,5.00,0.00,1,lesson,2025-10-23 15:05:35.412745+00
a2f1f417-9dae-4af5-a4b1-2ad7c9484036,b50de630-97c7-4202-8113-ca8cfa229cb6,360,516,70.00,0.00,1,lesson,2025-11-25 16:40:49.520075+00
a37eafe7-02c5-4ddb-8149-f78b0977e535,ce2b50dd-c84f-4a3d-8ea9-afef4af5a933,192,516,37.00,0.00,1,lesson,2025-10-25 14:47:51.496211+00
a3aacb39-df29-4b98-b266-1534d90fb26d,ce2b50dd-c84f-4a3d-8ea9-afef4af5a933,360,528,68.00,0.00,1,lesson,2025-10-25 15:04:39.975113+00
a3ea5563-70d8-4f70-a102-4b4814371b40,ce2b50dd-c84f-4a3d-8ea9-afef4af5a933,360,552,65.00,0.00,1,lesson,2025-10-24 23:51:58.660175+00
a41cbe80-7e40-4019-9c56-e737b3ea779d,b50de630-97c7-4202-8113-ca8cfa229cb6,0,528,0.00,0.00,1,lesson,2025-11-24 19:58:28.16929+00
a55bace4-9549-466d-9597-bda9293fa0bb,ce2b50dd-c84f-4a3d-8ea9-afef4af5a933,54,264,20.00,0.00,2,lesson,2025-10-22 23:41:47.26955+00
a55cc2bf-4b31-442c-9604-419d07ab563f,ce2b50dd-c84f-4a3d-8ea9-afef4af5a933,67,71,90.00,0.00,17,words-25,2025-11-24 19:30:38.152919+00
a5ab9fd4-3ce4-4415-bcbb-dea514732712,b50de630-97c7-4202-8113-ca8cfa229cb6,204,258,79.00,0.00,2,lesson,2025-11-24 19:52:53.216576+00
a696af57-3f72-482e-bd26-f490bf72c4ce,ce2b50dd-c84f-4a3d-8ea9-afef4af5a933,48,600,8.00,0.00,1,lesson,2025-10-27 00:37:14.763834+00
a6c1b2fd-4568-4fd5-a611-033fe78e3ff2,ce2b50dd-c84f-4a3d-8ea9-afef4af5a933,49,53,93.00,0.00,21,lesson,2025-10-25 15:00:47.902894+00
a767f274-0555-4f06-bd77-995b1fcc20b2,ce2b50dd-c84f-4a3d-8ea9-afef4af5a933,96,100,96.00,0.00,11,lesson,2025-10-27 01:17:06.593992+00
a7d4b308-3484-4890-a521-028bebf4f442,ce2b50dd-c84f-4a3d-8ea9-afef4af5a933,76,184,41.00,0.00,3,lesson,2025-10-25 14:54:16.03321+00
a7e1d463-cd14-41a7-8190-94d8ba39f4ac,ce2b50dd-c84f-4a3d-8ea9-afef4af5a933,66,66,100.00,0.00,8,lesson,2025-10-22 00:12:57.3649+00
a88c398a-178a-4ae7-b3d6-55f57fdaf767,b50de630-97c7-4202-8113-ca8cfa229cb6,216,282,77.00,0.00,2,lesson,2025-11-24 19:47:01.780028+00
a8d0c1e2-c588-4874-acdf-cf5b7a8809e4,ce2b50dd-c84f-4a3d-8ea9-afef4af5a933,108,108,98.00,0.00,5,words-10,2025-11-04 22:15:45.937288+00
a9a3bc99-8869-4a3e-ad5b-83ee4a208a88,ce2b50dd-c84f-4a3d-8ea9-afef4af5a933,12,398,3.00,0.00,5,lesson,2025-10-21 23:13:52.956267+00
aa470dc5-148e-4885-b242-8419e7730c03,ce2b50dd-c84f-4a3d-8ea9-afef4af5a933,21,492,4.00,0.00,4,lesson,2025-10-23 15:05:33.467864+00
ad90208e-a5ed-4e1a-93a8-eed2783bfb4a,b50de630-97c7-4202-8113-ca8cfa229cb6,0,528,0.00,0.00,1,lesson,2025-11-25 16:51:58.225498+00
adef507b-4680-465e-aa7b-9db3107afae0,ce2b50dd-c84f-4a3d-8ea9-afef4af5a933,114,117,97.00,0.00,4,words-10,2025-11-25 21:07:24.019111+00
ae2875ac-c953-46e2-bfd8-c4acfe4ccc39,ce2b50dd-c84f-4a3d-8ea9-afef4af5a933,50,285,17.00,0.00,7,lesson,2025-10-23 15:18:37.084687+00
ae3715ed-cf4c-4450-b6fd-a9c2df04ba4f,ce2b50dd-c84f-4a3d-8ea9-afef4af5a933,18,486,4.00,0.00,4,lesson,2025-10-23 15:05:29.012226+00
af70ffbb-1396-4869-9fa9-b995d933fe17,ce2b50dd-c84f-4a3d-8ea9-afef4af5a933,360,516,70.00,0.00,1,lesson,2025-10-24 23:55:39.607451+00
af80c2f2-a74d-4a0b-9074-1367edcc86c1,ce2b50dd-c84f-4a3d-8ea9-afef4af5a933,16,444,4.00,0.00,3,lesson,2025-10-23 14:55:06.869774+00
aff99c9e-a96e-499d-9194-e289a5283bd5,ce2b50dd-c84f-4a3d-8ea9-afef4af5a933,0,281,0.00,0.00,7,lesson,2025-10-23 15:25:43.848787+00
b06baecb-8d9d-4dbe-82ff-23cbd254bfe2,ce2b50dd-c84f-4a3d-8ea9-afef4af5a933,82,89,91.00,0.00,16,words-25,2025-10-27 18:47:23.019676+00
b07da444-145f-48a9-8ac5-e52ff1b06217,ce2b50dd-c84f-4a3d-8ea9-afef4af5a933,10,389,2.00,0.00,5,lesson,2025-10-22 16:11:32.905455+00
b17bd379-d0b0-43f5-b853-c7c64bf4e6e6,ce2b50dd-c84f-4a3d-8ea9-afef4af5a933,86,86,100.00,0.00,6,lesson,2025-10-22 23:55:13.74247+00
b238f78f-d9f0-4aff-9655-fcc8fab37049,ce2b50dd-c84f-4a3d-8ea9-afef4af5a933,360,528,68.00,0.00,1,lesson,2025-10-25 14:26:30.009851+00
b29b27d2-61fb-4931-aa2b-8b28bf3ebdd1,ce2b50dd-c84f-4a3d-8ea9-afef4af5a933,96,98,98.00,0.00,16,words-30,2025-10-21 15:37:13.262506+00
b2dcea7d-3cdb-4b1e-bf45-27d89a288eb6,ce2b50dd-c84f-4a3d-8ea9-afef4af5a933,32,660,5.00,0.00,3,lesson,2025-10-22 21:52:59.451719+00
b55c57de-9be7-4b82-a3a0-3862fcfeaa68,ce2b50dd-c84f-4a3d-8ea9-afef4af5a933,360,528,68.00,0.00,1,lesson,2025-10-24 23:51:03.242355+00
b5d77afa-2b15-42a1-8cef-ef2f98a367c1,ce2b50dd-c84f-4a3d-8ea9-afef4af5a933,40,484,8.00,0.00,3,words-30,2025-10-21 00:40:38.619806+00
b63b0b9d-684f-4a36-b2b9-9daecaba9502,ce2b50dd-c84f-4a3d-8ea9-afef4af5a933,111,117,95.00,0.00,4,words-10,2025-11-04 15:52:10.807121+00
b6630e43-0a66-4ef8-9a48-ab649f64ba6e,b50de630-97c7-4202-8113-ca8cfa229cb6,0,516,0.00,0.00,1,lesson,2025-11-24 19:58:25.84008+00
b7098ea8-bc9d-4b8f-9b84-82309da6e1cf,ce2b50dd-c84f-4a3d-8ea9-afef4af5a933,360,540,67.00,0.00,1,lesson,2025-10-25 14:53:10.893604+00
b78fded8-a42e-404c-b98d-11d431bdda2a,ce2b50dd-c84f-4a3d-8ea9-afef4af5a933,24,996,2.00,0.00,1,lesson,2025-10-22 21:52:44.610328+00
b7edd97e-d65a-4613-96c0-16043b1692a6,ce2b50dd-c84f-4a3d-8ea9-afef4af5a933,0,270,0.00,0.00,2,lesson,2025-10-24 23:52:45.088909+00
b937b6df-6480-4803-9110-8b1a04b19a53,ce2b50dd-c84f-4a3d-8ea9-afef4af5a933,360,516,70.00,0.00,1,lesson,2025-10-24 23:51:06.301062+00
bc6284b6-969c-41ef-a205-2222483642a2,b50de630-97c7-4202-8113-ca8cfa229cb6,56,56,95.00,0.00,9,lesson,2025-11-06 14:57:24.217507+00
bc6c30a5-ee8c-429b-a474-f3c98907f6a9,b50de630-97c7-4202-8113-ca8cfa229cb6,0,528,0.00,0.00,1,lesson,2025-11-24 19:58:38.950397+00
bc76b658-b025-4bd5-a211-76eb62d7296e,ce2b50dd-c84f-4a3d-8ea9-afef4af5a933,22,324,7.00,0.00,6,lesson,2025-10-22 16:18:38.76117+00
bced4e74-2345-4aeb-b196-df7d861a5e5f,ce2b50dd-c84f-4a3d-8ea9-afef4af5a933,96,540,18.00,0.00,1,lesson,2025-10-21 22:45:11.244718+00
be48e0b3-95b5-43a5-9c42-180c4abc769c,b50de630-97c7-4202-8113-ca8cfa229cb6,125,125,100.00,0.00,10,words-25,2025-11-25 16:52:52.254356+00
be595663-84ca-43a5-990c-fafade293830,ce2b50dd-c84f-4a3d-8ea9-afef4af5a933,42,348,12.00,0.00,2,lesson,2025-10-27 00:36:52.655944+00
beba3f6a-f0f9-4db5-b328-e99a6b36b04a,ce2b50dd-c84f-4a3d-8ea9-afef4af5a933,20,656,3.00,0.00,3,lesson,2025-10-22 22:02:11.113681+00
bee0a33a-91a0-439f-be87-de7bef0190b2,de29ef54-0be6-46a5-bbcd-547af7c94f7d,17,17,94.00,0.00,32,lesson,2025-11-25 16:14:31.691115+00
bef4fb63-f918-45a8-aaae-68b4a4c1f4cd,b50de630-97c7-4202-8113-ca8cfa229cb6,360,540,67.00,0.00,1,lesson,2025-11-25 16:40:48.412457+00
bf9409a5-0f5a-4490-8fd4-c8adc54989e5,ce2b50dd-c84f-4a3d-8ea9-afef4af5a933,50,50,100.00,0.00,10,lesson,2025-10-21 23:09:51.957885+00
c0acd619-154e-45d0-98b7-c14b90fefc7a,ce2b50dd-c84f-4a3d-8ea9-afef4af5a933,0,528,0.00,0.00,1,lesson,2025-10-25 14:53:20.542442+00
c0b95547-dff0-46cf-b4a7-97864f2fc247,b50de630-97c7-4202-8113-ca8cfa229cb6,0,552,0.00,0.00,1,lesson,2025-11-24 19:58:40.144504+00
c0f4b6e2-cc49-461e-bff6-8cc35ef71347,ce2b50dd-c84f-4a3d-8ea9-afef4af5a933,68,69,98.00,0.00,19,words-25,2025-11-24 19:28:18.611295+00
c179ca96-2013-4b8b-b9b3-54542b611d10,ce2b50dd-c84f-4a3d-8ea9-afef4af5a933,156,156,100.00,0.00,1,lesson,2025-10-25 15:05:30.376434+00
c1e7a25b-f357-43e7-b3a8-cbcb14543cea,ce2b50dd-c84f-4a3d-8ea9-afef4af5a933,0,540,0.00,0.00,1,lesson,2025-10-25 14:54:17.455399+00
c1f77e37-9124-4d74-9723-6fe399840e75,ce2b50dd-c84f-4a3d-8ea9-afef4af5a933,61,92,67.00,0.00,17,words-30,2025-10-23 15:11:41.785608+00
c2e35cc5-597f-4328-940a-02e86f4ae0fc,ce2b50dd-c84f-4a3d-8ea9-afef4af5a933,360,540,67.00,0.00,1,lesson,2025-10-25 14:20:01.548804+00
c33577d8-a936-430c-9902-2880683f7ea5,ce2b50dd-c84f-4a3d-8ea9-afef4af5a933,30,498,6.00,0.00,4,lesson,2025-10-22 21:52:14.644212+00
c3709160-89de-4477-8bed-68f59e79fd60,ce2b50dd-c84f-4a3d-8ea9-afef4af5a933,114,114,98.00,0.00,4,words-10,2025-11-04 22:15:39.393794+00
c4b58122-574a-45fd-bba0-81fddb4ba4d6,b50de630-97c7-4202-8113-ca8cfa229cb6,56,56,92.00,0.00,10,lesson,2025-11-25 16:32:03.27907+00
c56d27d7-aca7-4e82-8055-9507b80051d1,ce2b50dd-c84f-4a3d-8ea9-afef4af5a933,360,516,70.00,0.00,1,lesson,2025-10-25 14:46:40.970447+00
c5c4449f-d532-427b-91d9-8d64ea45caf8,ce2b50dd-c84f-4a3d-8ea9-afef4af5a933,0,0,100.00,0.00,10,words-30,2025-11-24 19:31:51.717883+00
c7044944-2656-4400-992a-7bc4d9641621,b50de630-97c7-4202-8113-ca8cfa229cb6,0,540,0.00,0.00,1,lesson,2025-11-24 19:54:50.73899+00
c7f2b499-580e-4bb8-bb00-ee4fdcaf6256,ce2b50dd-c84f-4a3d-8ea9-afef4af5a933,4,316,1.00,0.00,3,lesson,2025-10-23 15:15:08.86666+00
c889ada9-af66-4bfe-97b4-21d97ad54997,ce2b50dd-c84f-4a3d-8ea9-afef4af5a933,78,78,100.00,0.00,2,lesson,2025-10-21 22:14:36.111978+00
c8f85677-ad08-4e20-8dd8-21dd26d62ff9,ce2b50dd-c84f-4a3d-8ea9-afef4af5a933,0,540,0.00,0.00,1,lesson,2025-10-25 14:54:30.802393+00
ca059e15-7551-4108-a2fb-f080d84f5e85,ce2b50dd-c84f-4a3d-8ea9-afef4af5a933,132,132,100.00,0.00,1,lesson,2025-10-27 00:35:15.2477+00
ca2d0f34-cfb3-4df8-b0e0-b8a1e19464bf,ce2b50dd-c84f-4a3d-8ea9-afef4af5a933,54,54,100.00,0.00,10,lesson,2025-10-22 23:54:27.525788+00
cb421967-a608-4399-ba18-8067b17f7a8b,b50de630-97c7-4202-8113-ca8cfa229cb6,0,540,0.00,0.00,1,lesson,2025-11-24 19:50:13.67742+00
cb6ce2a9-2c95-415a-9a01-2031e1979d49,ce2b50dd-c84f-4a3d-8ea9-afef4af5a933,96,492,20.00,0.00,1,lesson,2025-10-22 00:16:31.511901+00
cbd6c9b2-d6c2-4413-bbf2-11a5d90a086a,ce2b50dd-c84f-4a3d-8ea9-afef4af5a933,32,600,5.00,0.00,3,lesson,2025-10-24 23:10:26.70055+00
cc035c9f-bc6f-4935-afa9-963c30fb5001,ce2b50dd-c84f-4a3d-8ea9-afef4af5a933,141,141,100.00,0.00,4,words-10,2025-11-25 20:53:30.153142+00
cef9ffa2-c9de-4b59-a375-79f103e08b5c,b50de630-97c7-4202-8113-ca8cfa229cb6,0,552,0.00,0.00,1,lesson,2025-11-24 19:58:48.310385+00
cf3219b4-4c7a-477a-bb76-69d7756630dc,ce2b50dd-c84f-4a3d-8ea9-afef4af5a933,12,318,4.00,0.00,2,words-10,2025-10-27 01:04:33.675393+00
cf7cb49f-1785-418e-b745-e66ed56ef016,ce2b50dd-c84f-4a3d-8ea9-afef4af5a933,66,66,100.00,0.00,8,lesson,2025-10-22 00:16:09.696696+00
d0d88a35-c07a-429f-86f3-2705255569e0,ce2b50dd-c84f-4a3d-8ea9-afef4af5a933,42,750,6.00,0.00,2,words-30,2025-10-20 23:25:56.988479+00
d10970c9-0fb8-473d-99f3-9017c6fb890f,ce2b50dd-c84f-4a3d-8ea9-afef4af5a933,5,202,3.00,0.00,7,words-30,2025-10-23 15:26:09.502286+00
d16075ba-5b80-486f-9b70-2a417f0474d1,ce2b50dd-c84f-4a3d-8ea9-afef4af5a933,0,18,1.00,0.00,60,lesson,2025-10-27 00:43:21.46263+00
d191f6f9-90c5-41dd-b85b-75c44d010db9,ce2b50dd-c84f-4a3d-8ea9-afef4af5a933,12,516,2.00,0.00,1,lesson,2025-10-22 16:24:37.463512+00
d1f29d08-d9ef-4549-9afc-bf44b849e4a4,ce2b50dd-c84f-4a3d-8ea9-afef4af5a933,83,84,98.00,0.00,16,words-25,2025-10-21 22:10:54.685729+00
d2585116-1338-4bad-a340-e1cbcb109a78,ce2b50dd-c84f-4a3d-8ea9-afef4af5a933,88,96,92.00,0.00,6,words-10,2025-10-27 01:10:20.025078+00
d27a6307-d275-4f35-8202-f75ece2bfcd6,b50de630-97c7-4202-8113-ca8cfa229cb6,528,528,100.00,0.00,1,lesson,2025-11-24 19:50:04.747239+00
d292a5f6-500c-4ef0-adb7-ed1f971ae84b,ce2b50dd-c84f-4a3d-8ea9-afef4af5a933,84,84,100.00,0.00,6,lesson,2025-10-22 23:52:35.874113+00
d2fd381e-7506-4b64-93b6-586f4fb33873,b50de630-97c7-4202-8113-ca8cfa229cb6,59,60,96.00,0.00,9,lesson,2025-11-06 14:58:30.22106+00
d341a278-52cd-437c-b2c9-4c94b36975d8,ce2b50dd-c84f-4a3d-8ea9-afef4af5a933,101,101,100.00,0.00,12,words-25,2025-10-24 23:08:04.925588+00
d3898675-e103-4af2-ad6e-cd86e77e45de,ce2b50dd-c84f-4a3d-8ea9-afef4af5a933,75,75,100.00,0.00,7,lesson,2025-10-21 22:29:43.194195+00
d3ceb87d-240b-495f-bf62-93406ac58c19,b50de630-97c7-4202-8113-ca8cfa229cb6,198,258,77.00,0.00,2,lesson,2025-11-25 16:14:24.840318+00
d648fbcd-e546-4b05-a1ac-203337f5dc5d,b50de630-97c7-4202-8113-ca8cfa229cb6,0,528,0.00,0.00,1,lesson,2025-11-24 19:58:47.109017+00
d743c260-c31d-473b-b596-1c604d3c8cc7,b50de630-97c7-4202-8113-ca8cfa229cb6,360,528,69.00,0.00,1,lesson,2025-11-25 16:30:36.215526+00
d7d5b71c-7180-4d4e-8298-3bb2bd45c31a,ce2b50dd-c84f-4a3d-8ea9-afef4af5a933,56,56,100.00,0.00,9,lesson,2025-10-22 23:40:48.365181+00
d949ac7d-b3e5-4af2-8799-813152e6aee5,ce2b50dd-c84f-4a3d-8ea9-afef4af5a933,12,258,5.00,0.00,2,lesson,2025-10-25 14:59:30.940655+00
d99d61db-ed33-4e2a-bb5b-a42408a28001,ce2b50dd-c84f-4a3d-8ea9-afef4af5a933,192,528,36.00,0.00,1,lesson,2025-10-25 14:20:02.803858+00
da0860fe-8eeb-4dc0-9ce5-152a2cde5c19,ce2b50dd-c84f-4a3d-8ea9-afef4af5a933,48,1140,4.00,0.00,1,lesson,2025-10-22 22:02:15.660836+00
db99d705-eeae-4f7d-8d4f-acce25ff4ab8,b50de630-97c7-4202-8113-ca8cfa229cb6,360,552,65.00,0.00,1,lesson,2025-11-25 16:15:17.427435+00
dba32621-8bb3-4439-9748-19be8b41cc2c,b50de630-97c7-4202-8113-ca8cfa229cb6,528,528,100.00,0.00,1,lesson,2025-11-24 19:47:02.942254+00
dd19f36c-a91f-44fe-8cd1-ea88a958a015,ce2b50dd-c84f-4a3d-8ea9-afef4af5a933,53,53,100.00,0.00,10,lesson,2025-10-21 23:09:40.935717+00
ddbeadf4-f98f-4d5d-bb07-1f0cb1d4b24b,b50de630-97c7-4202-8113-ca8cfa229cb6,0,540,0.00,0.00,1,lesson,2025-11-24 19:58:27.038313+00
ddd6c3fe-dd63-402f-b389-514d58e26d16,ce2b50dd-c84f-4a3d-8ea9-afef4af5a933,0,135,0.00,0.00,4,lesson,2025-10-25 14:54:29.317302+00
df8e316c-fc75-484b-97ff-c24ec2415557,ce2b50dd-c84f-4a3d-8ea9-afef4af5a933,2,279,1.00,0.00,7,lesson,2025-10-23 15:16:18.152767+00
e09553a4-7b9d-47f7-9338-394418f39a84,ce2b50dd-c84f-4a3d-8ea9-afef4af5a933,55,55,100.00,0.00,5,lesson,2025-10-19 03:12:41.048526+00
e0a01036-251b-450a-b2ee-8d7f63bbffab,b50de630-97c7-4202-8113-ca8cfa229cb6,360,528,68.00,0.00,1,lesson,2025-11-25 16:30:51.237675+00
e124753a-af41-4d64-a2f8-a9cbf468c4e8,ce2b50dd-c84f-4a3d-8ea9-afef4af5a933,72,72,100.00,0.00,8,lesson,2025-10-21 22:29:35.11933+00
e166b0da-7bf6-4a75-b75f-d2c2e58d20ca,ce2b50dd-c84f-4a3d-8ea9-afef4af5a933,76,78,96.00,0.00,17,words-25,2025-11-24 19:32:38.082711+00
e1b2aa45-b372-4968-9746-4a2d231e7ae0,ce2b50dd-c84f-4a3d-8ea9-afef4af5a933,0,504,0.00,0.00,1,lesson,2025-10-27 00:37:49.556055+00
e1db38c3-484a-4eb6-b4d7-34fd6dbfd556,ce2b50dd-c84f-4a3d-8ea9-afef4af5a933,66,270,24.00,0.00,2,lesson,2025-10-25 14:59:40.12783+00
e20e0c34-12e6-4a98-abf1-e34127e411a6,ce2b50dd-c84f-4a3d-8ea9-afef4af5a933,162,282,57.00,0.00,2,lesson,2025-10-25 14:53:29.403997+00
e216f946-40a2-442d-9087-03b9d97f9633,de29ef54-0be6-46a5-bbcd-547af7c94f7d,23,23,90.00,0.00,22,lesson,2025-10-28 00:02:58.986494+00
e2c41a85-860a-4aa5-a14c-2dd6156cbae3,ce2b50dd-c84f-4a3d-8ea9-afef4af5a933,150,258,58.00,0.00,2,lesson,2025-10-21 22:43:28.024302+00
e2cd122f-5a6b-4458-b8d8-d18c8ac25765,ce2b50dd-c84f-4a3d-8ea9-afef4af5a933,0,552,0.00,0.00,1,lesson,2025-10-25 14:17:38.951268+00
e35541f2-174d-4180-8e0c-b930c80f24a1,de29ef54-0be6-46a5-bbcd-547af7c94f7d,17,17,90.00,0.00,31,lesson,2025-10-28 00:04:17.396041+00
e3bb8890-37b0-4a20-aa85-f30d538f156c,ce2b50dd-c84f-4a3d-8ea9-afef4af5a933,12,326,4.00,0.00,6,lesson,2025-10-22 16:11:38.992206+00
e4395e6f-8637-4ba9-9b2c-569731ea629a,ce2b50dd-c84f-4a3d-8ea9-afef4af5a933,0,528,0.00,0.00,1,lesson,2025-10-25 14:17:54.828929+00
e6792f4e-0580-4b4f-b621-6000b5a8e39a,ce2b50dd-c84f-4a3d-8ea9-afef4af5a933,46,67,69.00,0.00,7,lesson,2025-10-19 03:12:50.005338+00
e684fb2f-782c-4151-a2b8-d56b6f7b6bdf,ce2b50dd-c84f-4a3d-8ea9-afef4af5a933,126,126,100.00,0.00,4,words-10,2025-10-27 00:59:12.614838+00
e734e835-be4c-49e5-bf1a-989a5c212fa0,b50de630-97c7-4202-8113-ca8cfa229cb6,0,564,0.00,0.00,1,lesson,2025-11-24 19:50:12.530678+00
e80c28fd-2a60-42ef-bfa1-55d34ac67cda,ce2b50dd-c84f-4a3d-8ea9-afef4af5a933,6,351,2.00,0.00,4,lesson,2025-10-23 15:07:16.179262+00
e821ffd4-4de3-4779-a925-8fbd9f34d5ca,de29ef54-0be6-46a5-bbcd-547af7c94f7d,20,21,84.00,0.00,33,lesson,2025-11-25 16:15:48.304632+00
e8c4f19d-9342-4b5a-99d4-f2381617af8a,b50de630-97c7-4202-8113-ca8cfa229cb6,96,96,98.00,0.00,13,words-25,2025-10-28 03:21:19.647118+00
e8d91111-b07b-4b0c-bc16-e54da5f580ba,de29ef54-0be6-46a5-bbcd-547af7c94f7d,19,19,81.00,0.00,28,lesson,2025-10-28 00:01:26.216452+00
e91b9c3d-bac7-41e5-9121-4483aec41c4f,ce2b50dd-c84f-4a3d-8ea9-afef4af5a933,77,77,100.00,0.00,7,lesson,2025-10-22 23:55:03.113461+00
e9c0172b-1a77-47fe-b44e-5b3856fac220,ce2b50dd-c84f-4a3d-8ea9-afef4af5a933,38,202,19.00,0.00,7,lesson,2025-10-23 15:10:17.37333+00
e9d58b24-4b4d-44a4-bee5-453b67728bf1,ce2b50dd-c84f-4a3d-8ea9-afef4af5a933,67,67,100.00,0.00,7,lesson,2025-10-21 22:17:11.493496+00
eae8b365-8da8-415c-907e-27b671e0de5f,b50de630-97c7-4202-8113-ca8cfa229cb6,69,77,89.00,0.00,7,lesson,2025-11-25 16:31:38.153474+00
eb8a6b13-e2cf-4746-994e-944d5088dad0,ce2b50dd-c84f-4a3d-8ea9-afef4af5a933,360,552,65.00,0.00,1,lesson,2025-10-25 15:04:46.188753+00
ebc45036-af83-4842-88c0-b8c266835f57,ce2b50dd-c84f-4a3d-8ea9-afef4af5a933,180,258,70.00,0.00,2,lesson,2025-10-25 14:46:40.01305+00
ec25365d-f30d-4581-a275-8d50e2642bb7,b50de630-97c7-4202-8113-ca8cfa229cb6,19,93,20.00,0.00,17,words-30,2025-11-06 14:54:23.757166+00
ec88fca1-1768-405e-b912-b5826c84ace0,ce2b50dd-c84f-4a3d-8ea9-afef4af5a933,2,281,1.00,0.00,7,lesson,2025-10-23 15:25:33.719564+00
ecde3995-1d2f-415e-8ae0-7cc0236ce726,b50de630-97c7-4202-8113-ca8cfa229cb6,24,564,4.00,0.00,1,lesson,2025-11-25 16:15:19.796602+00
ecef7f15-1ff1-4d94-bd69-80c5fad0af0d,ce2b50dd-c84f-4a3d-8ea9-afef4af5a933,360,516,70.00,0.00,1,lesson,2025-10-25 14:59:11.672785+00
ecfc74ce-8614-482a-b6bd-d0cecfaf81eb,ce2b50dd-c84f-4a3d-8ea9-afef4af5a933,12,498,2.00,0.00,4,lesson,2025-10-22 16:25:10.293712+00
ed0b7737-4fcb-47bf-b871-081b9275d032,ce2b50dd-c84f-4a3d-8ea9-afef4af5a933,112,112,100.00,0.00,3,lesson,2025-10-24 23:09:39.989952+00
ed3188aa-de9e-40b5-8824-5adf334ba127,ce2b50dd-c84f-4a3d-8ea9-afef4af5a933,64,64,100.00,0.00,3,lesson,2025-10-27 01:06:00.130978+00
edd9af9b-b7e4-4f05-9c2c-815668ebb16d,ce2b50dd-c84f-4a3d-8ea9-afef4af5a933,61,61,100.00,0.00,9,lesson,2025-10-22 23:41:02.587128+00
ee707462-186f-4d84-be45-6f4bb11c1175,ce2b50dd-c84f-4a3d-8ea9-afef4af5a933,12,652,2.00,0.00,3,lesson,2025-10-23 15:04:15.192435+00
eebc5c0f-835c-4d43-aced-6ac8e973d49b,ce2b50dd-c84f-4a3d-8ea9-afef4af5a933,360,528,68.00,0.00,1,lesson,2025-10-25 14:46:48.913837+00
efc9a646-6899-4c6a-a302-e38cfc974f54,ce2b50dd-c84f-4a3d-8ea9-afef4af5a933,27,489,6.00,0.00,4,lesson,2025-10-23 15:02:32.500803+00
eff556ba-e181-4c08-a7c8-510be1b51036,ce2b50dd-c84f-4a3d-8ea9-afef4af5a933,204,516,40.00,0.00,1,lesson,2025-10-25 14:59:52.580261+00
f03289be-3f8f-4e6e-9e13-d7e74b839c3b,ce2b50dd-c84f-4a3d-8ea9-afef4af5a933,45,45,100.00,0.00,4,lesson,2025-10-19 03:12:34.9755+00
f09aede7-d7c4-4a75-b787-36debe47f5a0,ce2b50dd-c84f-4a3d-8ea9-afef4af5a933,66,66,100.00,0.00,2,lesson,2025-10-27 00:38:30.282929+00
f09bd7d3-0acf-458c-a044-56b5c5778111,ce2b50dd-c84f-4a3d-8ea9-afef4af5a933,77,86,90.00,0.00,16,words-25,2025-10-21 15:55:31.956655+00
f0f6e1ff-3f0f-470c-810e-47f59879ef8a,b50de630-97c7-4202-8113-ca8cfa229cb6,0,528,0.00,0.00,1,lesson,2025-11-24 19:58:41.283159+00
f1c6ca95-63be-4b74-9c20-5c5c1a53982c,ce2b50dd-c84f-4a3d-8ea9-afef4af5a933,53,53,100.00,0.00,10,lesson,2025-10-26 23:37:11.838746+00
f1eee736-d0b8-4699-98b9-29a685801ffb,ce2b50dd-c84f-4a3d-8ea9-afef4af5a933,103,103,100.00,0.00,5,lesson,2025-10-22 23:44:22.859101+00
f24dbb10-4d58-4fd2-9448-6376cc2a3b48,b50de630-97c7-4202-8113-ca8cfa229cb6,448,448,100.00,0.00,3,words-25,2025-11-25 16:52:59.493512+00
f2f485d7-0a61-4bfe-abf8-928bc3b38290,ce2b50dd-c84f-4a3d-8ea9-afef4af5a933,74,74,100.00,0.00,7,lesson,2025-10-22 00:12:47.874526+00
f333e3b1-03ec-4521-b915-81945cfd2c9c,ce2b50dd-c84f-4a3d-8ea9-afef4af5a933,360,552,65.00,0.00,1,lesson,2025-10-25 14:59:10.238963+00
f34eead2-bd4c-43a7-b3f9-1fa7ed9eda14,ce2b50dd-c84f-4a3d-8ea9-afef4af5a933,0,540,0.00,0.00,1,lesson,2025-10-25 14:17:37.449227+00
f374bf50-f7df-4a55-95b2-70d28e868272,ce2b50dd-c84f-4a3d-8ea9-afef4af5a933,84,660,13.00,0.00,1,lesson,2025-10-27 00:37:38.041643+00
f426f335-a60f-42de-8621-cc7303c22b37,ce2b50dd-c84f-4a3d-8ea9-afef4af5a933,42,276,15.00,0.00,2,lesson,2025-10-22 23:41:58.112897+00
f49688a6-c68d-4100-bb7f-2b0b69f551a8,ce2b50dd-c84f-4a3d-8ea9-afef4af5a933,360,504,71.00,0.00,1,lesson,2025-10-25 14:53:30.803805+00
f4e3c009-efcc-4f24-8c53-98251a4e7b64,ce2b50dd-c84f-4a3d-8ea9-afef4af5a933,0,528,0.00,0.00,1,lesson,2025-10-25 14:54:18.916327+00
f682c05a-0aa1-45f9-a379-2e9c476e401c,b50de630-97c7-4202-8113-ca8cfa229cb6,180,276,65.00,0.00,2,lesson,2025-11-25 16:40:47.192752+00
f728a9de-39a2-436a-a238-81b5bab2bfa4,ce2b50dd-c84f-4a3d-8ea9-afef4af5a933,360,516,70.00,0.00,1,lesson,2025-10-25 14:26:39.034741+00
f793a612-de03-43ef-b63c-9c31a96d8277,ce2b50dd-c84f-4a3d-8ea9-afef4af5a933,4,180,2.00,0.00,3,lesson,2025-10-25 14:59:45.815174+00
f94bff23-c947-4c6e-8f4c-58116ab81798,ce2b50dd-c84f-4a3d-8ea9-afef4af5a933,72,1056,7.00,0.00,1,lesson,2025-10-22 21:53:03.628624+00
f9b34bee-0824-4aa2-a07d-20035372a10e,ce2b50dd-c84f-4a3d-8ea9-afef4af5a933,4,316,1.00,0.00,3,lesson,2025-10-23 15:16:21.351821+00
fa02d06e-b349-49f9-9b25-119b4f7716fc,ce2b50dd-c84f-4a3d-8ea9-afef4af5a933,0,540,0.00,0.00,1,lesson,2025-10-25 14:18:18.742855+00
fb165c7a-8afc-42a2-9b11-1a582fc816d2,ce2b50dd-c84f-4a3d-8ea9-afef4af5a933,15,25,61.00,0.00,22,lesson,2025-10-21 22:43:25.402756+00
fbca44ec-2993-46bc-b265-e1af4b28b5bf,de29ef54-0be6-46a5-bbcd-547af7c94f7d,28,28,94.00,0.00,75,words-30,2025-10-27 23:59:54.600505+00
fbe8e5dd-2349-45db-a24a-92d2f2bf2f77,ce2b50dd-c84f-4a3d-8ea9-afef4af5a933,58,58,100.00,0.00,6,lesson,2025-10-21 22:12:24.019841+00
fc422a6d-8dc8-4704-ba66-827c6b7b5477,ce2b50dd-c84f-4a3d-8ea9-afef4af5a933,88,88,100.00,0.00,6,lesson,2025-10-21 22:24:25.797347+00
fca98437-45f5-4de4-bad4-9afcc1a3acf1,ce2b50dd-c84f-4a3d-8ea9-afef4af5a933,84,176,48.00,0.00,3,lesson,2025-10-21 22:39:38.477413+00
fcf7975c-f946-402b-88d4-3d2ba7ee1eef,ce2b50dd-c84f-4a3d-8ea9-afef4af5a933,84,528,16.00,0.00,1,lesson,2025-10-22 00:16:29.271313+00
fd2fad73-d2bf-4108-9751-8c8bdff68e2b,ce2b50dd-c84f-4a3d-8ea9-afef4af5a933,0,540,0.00,0.00,1,lesson,2025-10-25 14:53:19.081896+00
fdc70ffd-a045-4c6b-8b01-ed5d7f35069b,ce2b50dd-c84f-4a3d-8ea9-afef4af5a933,24,486,5.00,0.00,4,lesson,2025-10-21 23:13:47.74219+00
fe2fc597-c6fb-4826-b808-50b9689a3ed9,ce2b50dd-c84f-4a3d-8ea9-afef4af5a933,69,69,100.00,0.00,8,lesson,2025-10-21 22:29:25.427048+00
fe392803-69c2-428b-9909-36159ea94251,ce2b50dd-c84f-4a3d-8ea9-afef4af5a933,360,516,70.00,0.00,1,lesson,2025-10-24 23:52:48.516871+00
ff35b7d8-7dc1-451b-9c23-b32976ac29c6,ce2b50dd-c84f-4a3d-8ea9-afef4af5a933,88,88,100.00,0.00,6,lesson,2025-10-27 01:09:50.254298+00